,,null,0,,,,,false
,,null,0,,,,,false
,,null,0,,,,,false
,,null,0,,,,,false
,,null,0,,,,,false
,,null,0,,,,,false
,,null,0,,,,,false
,,null,0,,,,,false
,,null,0,,,,,false
,,null,0,,,,,false
,,null,0,,,,,false
,,null,0,,,,,false
,,null,0,,,,,false
,,null,0,,,,,false
,,null,0,,,,,false
,,null,0,,,,,false
,,null,0,,,,,false
,,null,0,,,,,false
,,null,0,,,,,false
,,null,0,,,,,false
,,null,0,,,,,false
,,null,0,,,,,false
,,null,0,,,,,false
,,null,0,,,,,false
,,null,0,,,,,false
ヴァjds； ,,,,,,,,
null
null
null
null
